PL COMMENTS	Variable / Field Name	Field Label	Nicole and Liz feedback/Relevant standards	HPO ID	HPO Label	Mondo ID	Mondo Label	MAxO ID	MAxO Label	ICD code	ICD - equivalence mapping	ICD code	ICD - equivalence mapping	ICD code	ICD - equivalence mapping	ICD code	ICD - equivalence mapping	ICD code	ICD - equivalence mapping	ICD code	ICD - equivalence mapping	ICD code	ICD - equivalence mapping	ICD code	ICD - equivalence mapping	ICD code	ICD - equivalence mapping	ICD code	ICD - equivalence mapping	ICD code	ICD - equivalence mapping	ICD code	ICD - equivalence mapping	ICD code	ICD - equivalence mapping	ICD code	ICD - equivalence mapping	ICD code	ICD - equivalence mapping	ICD code	ICD - equivalence mapping	ICD code	ICD - equivalence mapping	ICD code	ICD - equivalence mapping	ICD code	ICD - equivalence mapping	ICD code	ICD - equivalence mapping	ICD code	ICD - equivalence mapping	ICD code	ICD - equivalence mapping	Choices, Calculations, OR Slider Labels	Field Note	Text Validation Type OR Show Slider Number	Text Validation Min	Text Validation Max	Identifier?	Branching Logic (Show field only if...)	Required Field?	Custom Alignment	Question Number (surveys only)	Matrix Group Name	Matrix Ranking?	Field Annotation	NIH-Endorsed CDEs	Link to NIH CDE Repository NIH-endorsed CDEs have been reviewed and approved by an expert panel, and meet established criteria. They are designated with a gold ribbon.	Notes Bundles are indivisible. They are not considered valid and reliable if not used in their entirety, as intended.	Link to NIH CDE Repository - Bundle	Additional Notes (e.g., present in more than one bundle; related but not exact conditions; etc.)	Related CDE at NIH CDE Repository (not Gold Ribbon)	Link to https://cde.nlm.nih.gov/home site	Notes
changed to _status field but left annotations from _specify	auto_other_status	[auto_other_specify]		HP:0002960	Autoimmunity	MONDO:0007179	autoimmune disease					ICD9:720	N/A			N/A	N/A	N/A	N/A	N/A	N/A	N/A	N/A	N/A	N/A	N/A	N/A	N/A	N/A	N/A	N/A	N/A	N/A	N/A	N/A	N/A	N/A																														Comorbidity or Underlying Condition Specify Other Type	https://cde.nlm.nih.gov/deView?tinyId=G0hugkm3M	Part of a bundle: Form: Project 5 - Comorbidity or Underlying Condition	https://cde.nlm.nih.gov/formView?tinyId=_YC_9QoeC		Other autoimmune disease text	https://cde.nlm.nih.gov/deView?tinyId=mygR2IK66U	
can we put something in the legend about origins of variable names from REDCap form	auto_alopecia_status	Alopecia areata		HP:0002232	Patchy alopecia	MONDO:0005340	alopecia areata			ICD9:704.01	MONDO:equivalentTo	ICD10:L63	MONDO:equivalentTo	ICD10:L63.9	N/A	N/A	N/A	N/A	N/A	N/A	N/A	N/A	N/A	N/A	N/A	N/A	N/A	N/A	N/A	N/A	N/A	N/A	N/A	N/A	N/A	N/A	N/A																														None					Scarring chronic alopecia PhenX	https://cde.nlm.nih.gov/deView?tinyId=X1pQ5qinjl	
	auto_arthropathy_status	Arthropathy		HP:0001367	Abnormal joint morphology	MONDO:0006816	arthropathy			ICD10:M00-M02	N/A	ICD9:716.9	N/A							ICD9:719.9	N/A			ICD9:719.90	MONDO:equivalentTo	ICD9:711	N/A	ICD10:M15.M19	MONDO:equivalentTo	N/A	N/A	N/A	N/A	N/A	N/A	N/A	N/A																														None					Joints muscles elbows assessment status	https://cde.nlm.nih.gov/deView?tinyId=7kJKwKTTL	
	auto_atopic_status	Atopic dermatitis/eczema		HP:0001047	Atopic dermatitis	MONDO:0004980	atopic eczema			ICD10:L20.81	N/A	ICD9:691	N/A	ICD9:691.8	N/A	ICD10:L20.9	N/A	ICD10:L20	N/A	N/A	N/A	N/A	N/A	N/A	N/A	N/A	N/A	N/A	N/A	N/A	N/A	N/A	N/A	N/A	N/A	N/A	N/A																														None					Atopic allergy disorder condition diagnosed information status	https://cde.nlm.nih.gov/deView?tinyId=JgLOcN_vFr	https://cde.nlm.nih.gov/cde/search?q=dermatitis
	auto_celiac_status	Celiac disease		HP:0002608	Celiac disease	MONDO:0005130	celiac disease			ICD10:K90.0	MONDO:equivalentTo	ICD9:579.0	MONDO:equivalentTo	N/A	N/A	N/A	N/A	N/A	N/A	N/A	N/A	N/A	N/A	N/A	N/A	N/A	N/A	N/A	N/A	N/A	N/A	N/A	N/A	N/A	N/A	N/A	N/A																														None					Celiac disease gluten sensitivity diagnosis ever indicator	https://cde.nlm.nih.gov/deView?tinyId=qieRB4328M	
	auto_dermatomyositis_status	Dermatomyositis		N/A		MONDO:0016367	dermatomyositis			ICD10:M33.90	N/A	ICD10:M33	N/A	ICD10:M33.9	N/A	ICD9:710.3	MONDO:equivalentTo	ICD10:M33.1	N/A	ICD10:M33.0	N/A	N/A	N/A	N/A	N/A	N/A	N/A	N/A	N/A	N/A	N/A	N/A	N/A	N/A	N/A	N/A	N/A																														None					None		
	auto_graves_status	Graves disease		HP:0100647	Graves disease	MONDO:0005364	Graves disease			ICD10:E05.0	N/A	ICD9:242.0	N/A	N/A	N/A	N/A	N/A	N/A	N/A	N/A	N/A	N/A	N/A	N/A	N/A	N/A	N/A	N/A	N/A	N/A	N/A	N/A	N/A	N/A	N/A	N/A	N/A																														None					None		
	auto_hashimoto_status	Hashimoto's thyroiditis		HP:0000872	Hashimoto thyroiditis	MONDO:0007699	Hashimoto thyroiditis			ICD9:245.2	N/A	ICD10:E06.3	MONDO:equivalentTo	N/A	N/A	N/A	N/A	N/A	N/A	N/A	N/A	N/A	N/A	N/A	N/A	N/A	N/A	N/A	N/A	N/A	N/A	N/A	N/A	N/A	N/A	N/A	N/A																														None					Thyroid condition type	https://cde.nlm.nih.gov/deView?tinyId=7ktPxzE9irR	
	auto_hemol_anemia_status	Hemolytic anemia		HP:0001878	Hemolytic anemia	MONDO:0003664	hemolytic anemia			ICD10:D55.D59	MONDO:equivalentTo	ICD10:D55-D59	N/A	N/A	N/A	N/A	N/A	N/A	N/A	N/A	N/A	N/A	N/A	N/A	N/A	N/A	N/A	N/A	N/A	N/A	N/A	N/A	N/A	N/A	N/A	N/A	N/A																														COVID-19 Complication Type	https://cde.nlm.nih.gov/deView?tinyId=F7tUoFbu6W 	Part of a bundle: Form: Project 5 - Complications	https://cde.nlm.nih.gov/formView?tinyId=ENNdnKTGt		Anemia	https://cde.nlm.nih.gov/deView?tinyId=BKwplOqNU	
	auto_herpetiformis_status	Dermatitis herpetiformis		N/A		MONDO:0015614	dermatitis herpetiformis			ICD9:694.0	MONDO:equivalentTo	ICD10:L13.0	MONDO:equivalentTo	N/A	N/A	N/A	N/A	N/A	N/A	N/A	N/A	N/A	N/A	N/A	N/A	N/A	N/A	N/A	N/A	N/A	N/A	N/A	N/A	N/A	N/A	N/A	N/A																														None					None		
	auto_hidradenitis_status	Hidradenitis suppurativa		HP:0040154	Acne inversa	MONDO:0006559	hidradenitis suppurativa			ICD10:L73.2	MONDO:equivalentTo	N/A	N/A	N/A	N/A	N/A	N/A	N/A	N/A	N/A	N/A	N/A	N/A	N/A	N/A	N/A	N/A	N/A	N/A	N/A	N/A	N/A	N/A	N/A	N/A	N/A	N/A																														None					None		
	auto_ibd_status	Inflammatory bowel disease		N/A		MONDO:0005265	inflammatory bowel disease					N/A	N/A	N/A	N/A	N/A	N/A	N/A	N/A	N/A	N/A	N/A	N/A	N/A	N/A	N/A	N/A	N/A	N/A	N/A	N/A	N/A	N/A	N/A	N/A	N/A	N/A																														None					None		
	auto_kawasaki_status	Kawasaki disease		N/A		MONDO:0012727	mucocutaneous lymph node syndrome			ICD10:M30.3	N/A	ICD9:446.1	MONDO:equivalentTo	N/A	N/A	N/A	N/A	N/A	N/A	N/A	N/A	N/A	N/A	N/A	N/A	N/A	N/A	N/A	N/A	N/A	N/A	N/A	N/A	N/A	N/A	N/A	N/A																														Discharge Diagnosis	https://cde.nlm.nih.gov/deView?tinyId=I75TihEyc	Part of a bundle: Form: Project 5 - Verified Discharge	https://cde.nlm.nih.gov/formView?tinyId=qSQ_DG68Q 	See also COVID-19 Complication Type Part of a bundle: Form: Project 5 - Complications  https://cde.nlm.nih.gov/formView?tinyId=ENNdnKTGt 	None		
	auto_menieres_status	Meniere's disease		N/A		MONDO:0007972	Meniere disease			ICD9:386.0	N/A	ICD10:H81.0	N/A	ICD10:H81.09	N/A	ICD9:386.00	MONDO:equivalentTo	N/A	N/A	N/A	N/A	N/A	N/A	N/A	N/A	N/A	N/A	N/A	N/A	N/A	N/A	N/A	N/A	N/A	N/A	N/A	N/A																														None					None		
	auto_myositis_status	Myositis		HP:0100614	Myositis	MONDO:0021167	myositis			ICD9:728.9	N/A	ICD10:M60	N/A	ICD10:M60.9	N/A	ICD10:G72.49	N/A	N/A	N/A	N/A	N/A	N/A	N/A	N/A	N/A	N/A	N/A	N/A	N/A	N/A	N/A	N/A	N/A	N/A	N/A	N/A	N/A																														None					Myositis	https://cde.nlm.nih.gov/deView?tinyId=iGGcXXeF3k	
	auto_narcolepsy_status	Narcolepsy		HP:0030050	Narcolepsy	MONDO:0021107	narcolepsy			ICD9:347.00	MONDO:equivalentTo	N/A	N/A	N/A	N/A	N/A	N/A	N/A	N/A	N/A	N/A	N/A	N/A	N/A	N/A	N/A	N/A	N/A	N/A	N/A	N/A	N/A	N/A	N/A	N/A	N/A	N/A																														None							
	auto_neutropenia_status	Neutropenia		HP:0001875	Neutropenia	MONDO:0001475	neutropenia			ICD10:D70.9	N/A	ICD9:288.0	N/A			ICD9:288.00	N/A	N/A	N/A	N/A	N/A	N/A	N/A	N/A	N/A	N/A	N/A	N/A	N/A	N/A	N/A	N/A	N/A	N/A	N/A	N/A	N/A																														None							
	auto_pandas_status	PANDAS		N/A		MONDO:0019020	PANDAS			N/A	N/A	N/A	N/A	N/A	N/A	N/A	N/A	N/A	N/A	N/A	N/A	N/A	N/A	N/A	N/A	N/A	N/A	N/A	N/A	N/A	N/A	N/A	N/A	N/A	N/A	N/A	N/A																														None							
	auto_planus_status	Lichen planus		HP:0031452	Lichenoid skin lesion	MONDO:0006572	lichen planus			ICD9:697.0	MONDO:equivalentTo	ICD10:L43.9	N/A	ICD10:L43	MONDO:equivalentTo	N/A	N/A	N/A	N/A	N/A	N/A	N/A	N/A	N/A	N/A	N/A	N/A	N/A	N/A	N/A	N/A	N/A	N/A	N/A	N/A	N/A	N/A																														None							
	auto_psoriasis_status	Psoriasis		HP:0003765	Psoriasiform dermatitis	MONDO:0005083	psoriasis					ICD10:L40.9	N/A	ICD9:696.5	N/A			ICD10:L40	MONDO:equivalentTo	ICD9:696	N/A	N/A	N/A	N/A	N/A	N/A	N/A	N/A	N/A	N/A	N/A	N/A	N/A	N/A	N/A	N/A	N/A																														None							
	auto_psoriatic_arth_status	Psoriatic arthritis		N/A		MONDO:0011849	psoriatic arthritis			ICD10:L40.5	N/A	ICD9:696.0	N/A	ICD10:L40.50	N/A	N/A	N/A	N/A	N/A	N/A	N/A	N/A	N/A	N/A	N/A	N/A	N/A	N/A	N/A	N/A	N/A	N/A	N/A	N/A	N/A	N/A	N/A																														None							
	auto_rh_arthritis_status	Rheumatoid arthritis		HP:0001370	Rheumatoid arthritis	MONDO:0008383	rheumatoid arthritis			ICD9:714.0	MONDO:equivalentTo	ICD10:M06.9	N/A	N/A	N/A	N/A	N/A	N/A	N/A	N/A	N/A	N/A	N/A	N/A	N/A	N/A	N/A	N/A	N/A	N/A	N/A	N/A	N/A	N/A	N/A	N/A	N/A																														None							
	auto_rls_status	Restless legs syndrome		HP:0012452	Restless legs	MONDO:0005391	restless legs syndrome			ICD9:333.94	MONDO:equivalentTo			ICD10:G25.81	MONDO:equivalentTo	N/A	N/A	N/A	N/A	N/A	N/A	N/A	N/A	N/A	N/A	N/A	N/A	N/A	N/A	N/A	N/A	N/A	N/A	N/A	N/A	N/A	N/A																														None							
	auto_sarcoidosis_status	Sarcoidosis		N/A		MONDO:0019338	sarcoidosis			ICD10:D86.1	N/A	ICD10:D86.0	N/A			ICD10:D86.2	N/A			ICD10:D80-D89	N/A	N/A	N/A	N/A	N/A	N/A	N/A	N/A	N/A	N/A	N/A	N/A	N/A	N/A	N/A	N/A	N/A																														None							
	auto_sclerosus_status	Lichen sclerosus		N/A		MONDO:0007899	lichen sclerosus et atrophicus			ICD10:L90.0	MONDO:equivalentTo	N/A	N/A	N/A	N/A	N/A	N/A	N/A	N/A	N/A	N/A	N/A	N/A	N/A	N/A	N/A	N/A	N/A	N/A	N/A	N/A	N/A	N/A	N/A	N/A	N/A	N/A																														None							
	auto_sle_status	Systemic lupus erythematosus		HP:0002725	Systemic lupus erythematosus	MONDO:0007915	systemic lupus erythematosus			ICD10:M32	N/A	ICD9:710.0	MONDO:equivalentTo	ICD10:M32.0	N/A	ICD10:M32.1	N/A	ICD10:M32.9	N/A	ICD10:M32.8	N/A	N/A	N/A	N/A	N/A	N/A	N/A	N/A	N/A	N/A	N/A	N/A	N/A	N/A	N/A	N/A	N/A																														Comorbidity or Underlying Condition Type	https://cde.nlm.nih.gov/deView?tinyId=t4KS6j8lZq	Part of a bundle: Form: Project 5 - Comorbidity or Underlying Condition	https://cde.nlm.nih.gov/formView?tinyId=_YC_9QoeC				
	auto_t1_diabetes_status	Type 1 Diabetes		HP:0100651	Type I diabetes mellitus	MONDO:0005147	type 1 diabetes mellitus			ICD10:E10	N/A	N/A	N/A	N/A	N/A	N/A	N/A	N/A	N/A	N/A	N/A	N/A	N/A	N/A	N/A	N/A	N/A	N/A	N/A	N/A	N/A	N/A	N/A	N/A	N/A	N/A	N/A																														Comorbidity or Underlying Condition Type	https://cde.nlm.nih.gov/deView?tinyId=t4KS6j8lZq	Part of a bundle: Form: Project 5 - Comorbidity or Underlying Condition	https://cde.nlm.nih.gov/formView?tinyId=_YC_9QoeC				
	auto_thrombo_purpura_status	Thrombocytopenic purpura		HP:0001973	Autoimmune thrombocytopenia	MONDO:0043768	thrombocytopenic purpura			ICD10:D69.3	MONDO:equivalentTo	N/A	N/A	N/A	N/A	N/A	N/A	N/A	N/A	N/A	N/A	N/A	N/A	N/A	N/A	N/A	N/A	N/A	N/A	N/A	N/A	N/A	N/A	N/A	N/A	N/A	N/A																														None							
	auto_vasculitis_status	Vasculitis		HP:0002633	Vasculitis	MONDO:0018882	vasculitis			N/A	N/A	N/A	N/A	N/A	N/A	N/A	N/A	N/A	N/A	N/A	N/A	N/A	N/A	N/A	N/A	N/A	N/A	N/A	N/A	N/A	N/A	N/A	N/A	N/A	N/A	N/A	N/A																														None		Vasculitis mentioned as description of Kawasaki Disease					
	auto_vitiligo_status	Vitiligo		HP:0001045	Vitiligo	MONDO:0008661	Vitiligo																																																												None							
changed to _status field but left annotations from _specify	cardiac_other_status	[cardiac_other_specify]	Mondo, HPO, FHIR	HP:0001626	Abnormality of the cardiovascular system	MONDO:0004995	cardiovascular disease			ICD9:429.2	MONDO:equivalentTo	ICD9:429.7	N/A	ICD9:429.8	N/A	ICD9:429.89	N/A	ICD9:423.8	N/A	ICD9:424	N/A	ICD9:423	N/A	ICD9:429.81	N/A			ICD9:390-459.99	N/A	ICD10:I00.I99	MONDO:equivalentTo	ICD9:420-429.99	N/A	ICD9:429	N/A	ICD9:459.9	MONDO:equivalentTo																														Comorbidity or Underlying Condition Type	https://cde.nlm.nih.gov/deView?tinyId=t4KS6j8lZq	Part of a bundle: Form: Project 5 - Comorbidity or Underlying Condition	https://cde.nlm.nih.gov/formView?tinyId=_YC_9QoeC	Appears as: Coronary disease  QUESTION: is this valid? What to do if not? 			
no corresponding _status field	cardiac_other_chd_specify	Please specify other CHD		HP:0001627	Abnormal heart morphology	MONDO:0005453	congenital heart disease					ICD10:Q24.9	N/A	ICD9:746.9	MONDO:equivalentTo			N/A	N/A	N/A	N/A	N/A	N/A	N/A	N/A	N/A	N/A	N/A	N/A	N/A	N/A	N/A	N/A	N/A	N/A	N/A	N/A																														None							
	cardiac_arrhythmias_status	Heart arrhythmias/dysrhythmia	suggest Mondo. Mondo will add all of these terms.	HP:0011675	Arrhythmia	N/A																																																													COVID-19 Complication Type	https://cde.nlm.nih.gov/deView?tinyId=F7tUoFbu6W 	Part of a bundle: Form: Project 5 - Complications	https://cde.nlm.nih.gov/formView?tinyId=ENNdnKTGt				
this condition only has _age field, not _status	cardiac_asd_age	ASD		HP:0001631	Atrial septal defect	MONDO:0006664	atrial septal defect			ICD10:Q21.1	N/A	N/A	N/A	N/A	N/A	N/A	N/A	N/A	N/A	N/A	N/A	N/A	N/A	N/A	N/A	N/A	N/A	N/A	N/A	N/A	N/A	N/A	N/A	N/A	N/A	N/A	N/A																																					
this condition only has _age field, not _status	cardiac_av_canal_age	AV Canal		HP:0006695	Atrioventricular canal defect	MONDO:0020290	atrioventricular septal defect			N/A	N/A	N/A	N/A	N/A	N/A	N/A	N/A	N/A	N/A	N/A	N/A	N/A	N/A	N/A	N/A	N/A	N/A	N/A	N/A	N/A	N/A	N/A	N/A	N/A	N/A	N/A	N/A																																					
	cardiac_cardiomyopathy_status	Cardiomyopathy	FHIR	HP:0001638	Cardiomyopathy	MONDO:0004994	cardiomyopathy			ICD9:425	N/A			ICD9:425.9	N/A	ICD10:I51.5	N/A	ICD10:I42	MONDO:equivalentTo	ICD10:I42.9	N/A	N/A	N/A	N/A	N/A	N/A	N/A	N/A	N/A	N/A	N/A	N/A	N/A	N/A	N/A	N/A	N/A																																					
	cardiac_cholesterol_status	Elevated cholesterol	FHIR	HP:0003124	Hypercholesterolemia	N/A																																																																				
	cardiac_congestive_status	Congestive heart failure	FHIR	HP:0001635	Congestive heart failure	MONDO:0005009	congestive heart failure			ICD10:I50.0	MONDO:equivalentTo	ICD10:I50	N/A					ICD9:428	N/A					ICD9:428.0	MONDO:equivalentTo	ICD10:I50.9	N/A	N/A	N/A	N/A	N/A	N/A	N/A	N/A	N/A	N/A	N/A																																					
	cardiac_hypertension_status	Hypertension	FHIR	HP:0000822	Hypertension	MONDO:0005044	hypertensive disorder			ICD10:I15	MONDO:equivalentTo	ICD10:I10-I15	N/A	ICD9:997.91	N/A	ICD10:I10	N/A	ICD9:401-405.99	N/A	N/A	N/A	N/A	N/A	N/A	N/A	N/A	N/A	N/A	N/A	N/A	N/A	N/A	N/A	N/A	N/A	N/A	N/A																																					
	cardiac_mi_status	Heart attack	FHIR	HP:0001658	Myocardial infarction	MONDO:0005068	myocardial infarction			ICD10:I22	N/A	ICD10:I21	MONDO:equivalentTo	N/A	N/A	N/A	N/A	N/A	N/A	N/A	N/A	N/A	N/A	N/A	N/A	N/A	N/A	N/A	N/A	N/A	N/A	N/A	N/A	N/A	N/A	N/A	N/A																																					
this condition only has _age field, not _status	cardiac_mitral_age	Mitral valve regurgitation		HP:0001653	Mitral regurgitation	N/A																																																																				
	cardiac_pad_status	Peripheral artery disease	FHIR	N/A		MONDO:0005386	peripheral arterial disease					N/A	N/A	N/A	N/A	N/A	N/A	N/A	N/A	N/A	N/A	N/A	N/A	N/A	N/A	N/A	N/A	N/A	N/A	N/A	N/A	N/A	N/A	N/A	N/A	N/A	N/A																																					
this condition only has _age field, not _status	cardiac_pda_age	PDA		HP:0001643	Patent ductus arteriosus	MONDO:0011827	patent ductus arteriosus			ICD10:Q25.0	MONDO:equivalentTo	ICD9:747.0	MONDO:equivalentTo	N/A	N/A	N/A	N/A	N/A	N/A	N/A	N/A	N/A	N/A	N/A	N/A	N/A	N/A	N/A	N/A	N/A	N/A	N/A	N/A	N/A	N/A	N/A	N/A																																					
this condition only has _age field, not _status	cardiac_pfo_age	PFO		HP:0001655	Patent foramen ovale	MONDO:0020439	patent foramen ovale			ICD10:Q21.1	N/A	N/A	N/A	N/A	N/A	N/A	N/A	N/A	N/A	N/A	N/A	N/A	N/A	N/A	N/A	N/A	N/A	N/A	N/A	N/A	N/A	N/A	N/A	N/A	N/A	N/A	N/A																																					
	cardiac_surgery	Corrective heart surgery required?		N/A		N/A		MAXO:0025001	cardiac surgery																																																																	
	cardiac_syncope_status	Syncope	FHIR	HP:0001279	Syncope	N/A																																																																				
	cardiac_thymus	Was the thymus removed?		N/A		N/A		MAXO:0001079	thymectomy																																																																	
this condition only has _age field, not _status	cardiac_tof_age	ToF		HP:0001636	Tetralogy of Fallot	MONDO:0008542	tetralogy of fallot			ICD9:745.2	MONDO:equivalentTo	ICD10:Q21.3	MONDO:equivalentTo	N/A	N/A	N/A	N/A	N/A	N/A	N/A	N/A	N/A	N/A	N/A	N/A	N/A	N/A	N/A	N/A	N/A	N/A	N/A	N/A	N/A	N/A	N/A	N/A																																					
this condition only has _age field, not _status	cardiac_tricuspid_age	Tricuspid valve regurgitation		HP:0005180	Tricuspid regurgitation	MONDO:0002870	tricuspid valve insufficiency					N/A	N/A	N/A	N/A	N/A	N/A	N/A	N/A	N/A	N/A	N/A	N/A	N/A	N/A	N/A	N/A	N/A	N/A	N/A	N/A	N/A	N/A	N/A	N/A	N/A	N/A																																					
this condition only has _age field, not _status	cardiac_vsd_age	VSD		HP:0001629	Ventricular septal defect	MONDO:0002070	ventricular septal defect			ICD10:Q21.0	N/A	ICD9:745.4	MONDO:equivalentTo	N/A	N/A	N/A	N/A	N/A	N/A	N/A	N/A	N/A	N/A	N/A	N/A	N/A	N/A	N/A	N/A	N/A	N/A	N/A	N/A	N/A	N/A	N/A	N/A																																					
	develop_delay_status	Speech Delay		HP:0000750	Delayed speech and language development	N/A																																																																				
	develop_expressive_status	Expressive language disorder		N/A		MONDO:0001276	expressive language disorder	10-Oct-2023 Data Modeling call said a MAxO term is not needed here.		ICD9:315.31	MONDO:equivalentTo	ICD10:F80.1	MONDO:equivalentTo	N/A	N/A	N/A	N/A	N/A	N/A	N/A	N/A	N/A	N/A	N/A	N/A	N/A	N/A	N/A	N/A	N/A	N/A	N/A	N/A	N/A	N/A	N/A	N/A																																					
Needs annotation?; this condition only has _age field, not _status; field label is wrong (should be "Feeding therapy". Also, develop_sensory_age in the original MCD sheet has a Field Label of Feeding Therapy	develop_feeding_age	Sensory therapy		N/A		N/A		NTR: https://github.com/monarch-initiative/MAxO/issues/600 																																																																		
Needs annotation?	develop_fine_therapy	Fine motor therapy		N/A		N/A		NTR: https://github.com/monarch-initiative/MAxO/issues/598 																																																																		
Needs annotation?	develop_gross_therapy	Gross motor therapy		N/A		N/A		NTR: https://github.com/monarch-initiative/MAxO/issues/599 																																																																		
	develop_mixed_status	Mixed receptive-expressive language disorder		N/A		MONDO:0001568	mixed receptive-expressive language disorder			ICD9:315.32	MONDO:equivalentTo	ICD10:F80.2	MONDO:equivalentTo	N/A	N/A	N/A	N/A	N/A	N/A	N/A	N/A	N/A	N/A	N/A	N/A	N/A	N/A	N/A	N/A	N/A	N/A	N/A	N/A	N/A	N/A	N/A	N/A																																					
	develop_mutism_status	Selective mutism		HP:0002300	Mutism	MONDO:0002905	mutism					N/A	N/A	N/A	N/A	N/A	N/A	N/A	N/A	N/A	N/A	N/A	N/A	N/A	N/A	N/A	N/A	N/A	N/A	N/A	N/A	N/A	N/A	N/A	N/A	N/A	N/A																																					
	develop_nonverbal_status	Nonverbal/absent speech		HP:0001344	Absent speech	N/A																																																																				
no corresponding _status field	develop_other_specify	Specify other developmental condition		HP:0012759	Neurodevelopmental abnormality	MONDO:0021147	disorder of development or morphogenesis																																																																			
Needs annotation?	develop_sensory_therapy	Sensory therapy		N/A		N/A		The Field Label is duplicated on Line 54																																																																		
Needs annotation?	develop_speech	Current communication methods		N/A		N/A		MAXO:0000930	speech therapy																																																																	
changed to _status field but left annotations from _specify	develop_speech_other_status	[develop_speech_other_specify]		HP:0002463	Language impairment	N/A																																																																				
	develop_speech_therapy	Speech/Language therapy		N/A		N/A		speech therapy	MAXO:0000930																																																																	
	ds_diagnosis	Down syndrome diagnosis	suggest Mondo. Mondo will add all of these terms.	N/A		MONDO:0008608	Down syndrome			ICD9:758.0	MONDO:equivalentTo	ICD10:Q90.0	N/A	ICD10:Q90.9	N/A	ICD10:Q90.1	N/A	ICD10:Q90.2	N/A	ICD10:Q90	N/A	N/A	N/A	N/A	N/A	N/A	N/A	N/A	N/A	N/A	N/A	N/A	N/A	N/A	N/A	N/A	N/A																																					
	endo_calcium_status	Calcium deficiency		HP:0002901	Hypocalcemia	N/A																																																																				
	endo_congen_diabetes_status	Congenital, or early infant diabetes		N/A		MONDO:0011507 MONDO:0016391	diabetes mellitus, congenital autoimmune neonatal diabetes mellitus			N/A ICD10:P70.2	N/A MONDO:equivalentTo	N/A	N/A	N/A	N/A	N/A	N/A	N/A	N/A	N/A	N/A	N/A	N/A	N/A	N/A	N/A	N/A	N/A	N/A	N/A	N/A	N/A	N/A	N/A	N/A	N/A	N/A																																					
	endo_diabetes_conditions	Please specify diabetes type		HP:0000819	Diabetes mellitus	MONDO:0005015	diabetes mellitus			ICD10:E08-E13	N/A	ICD10:E10.E14	MONDO:equivalentTo	ICD10:E11	N/A	ICD9:250	N/A																																																									
	endo_graves_status	Graves disease		HP:0100647	Graves disease	MONDO:0005364	Graves disease			ICD10:E05.0	N/A	ICD9:242.0	N/A	N/A	N/A	N/A	N/A	N/A	N/A	N/A	N/A	N/A	N/A	N/A	N/A	N/A	N/A	N/A	N/A	N/A	N/A	N/A	N/A	N/A	N/A	N/A	N/A																																					
	endo_hashimoto_status	Hashimoto's thyroiditis		HP:0000872	Hashimoto thyroiditis	MONDO:0007699	Hashimoto thyroiditis			ICD9:245.2	N/A	ICD10:E06.3	MONDO:equivalentTo	N/A	N/A	N/A	N/A	N/A	N/A	N/A	N/A	N/A	N/A	N/A	N/A	N/A	N/A	N/A	N/A	N/A	N/A	N/A	N/A	N/A	N/A	N/A	N/A																																					
	endo_hyperthyroid_status	Hyperthyroidism		HP:0000836	Hyperthyroidism	MONDO:0004425	hyperthyroidism			ICD10:E05.9	N/A			N/A	N/A	N/A	N/A	N/A	N/A	N/A	N/A	N/A	N/A	N/A	N/A	N/A	N/A	N/A	N/A	N/A	N/A	N/A	N/A	N/A	N/A	N/A	N/A																																					
	endo_hypothyroid_status	Hypothyroidism		HP:0000821	Hypothyroidism	MONDO:0005420	hypothyroidism			ICD10:E03.9	N/A	ICD9:244.9	N/A	N/A	N/A	N/A	N/A	N/A	N/A	N/A	N/A	N/A	N/A	N/A	N/A	N/A	N/A	N/A	N/A	N/A	N/A	N/A	N/A	N/A	N/A	N/A	N/A																																					
changed to _status field but left annotations from _specify	endo_other_status	[endo_other_specify]		HP:0000818	Abnormality of the endocrine system	MONDO:0005151	endocrine system disease					ICD9:259.9	MONDO:equivalentTo	ICD10:E34.9	N/A	N/A	N/A	N/A	N/A	N/A	N/A	N/A	N/A	N/A	N/A	N/A	N/A	N/A	N/A	N/A	N/A	N/A	N/A	N/A	N/A	N/A	N/A																																					
	endo_prediab_status	Pre-diabetes (high blood sugar levels but not high enough to be called diabetes)		HP:0003074	Hyperglycemia	MONDO:0002909	hyperglycemia																																																																			
	endo_t1_diabetes_status	Type I (juvenile diabetes)		HP:0100651	Type I diabetes mellitus	MONDO:0005147	type 1 diabetes mellitus			ICD10:E10	N/A	ICD10:E11	N/A	N/A	N/A	N/A	N/A	N/A	N/A	N/A	N/A	N/A	N/A	N/A	N/A	N/A	N/A	N/A	N/A	N/A	N/A	N/A	N/A	N/A	N/A	N/A	N/A																																					
	endo_t2_diabetes_status	Type II (adult onset)		HP:0005978	Type II diabetes mellitus	MONDO:0005148	type 2 diabetes mellitus			ICD10:E11	N/A	N/A	N/A	N/A	N/A	N/A	N/A	N/A	N/A	N/A	N/A	N/A	N/A	N/A	N/A	N/A	N/A	N/A	N/A	N/A	N/A	N/A	N/A	N/A	N/A	N/A	N/A																																					
changed to _status field but left annotations from _specify	endo_thyroid_other_status	[endo_thyroid_other_specify]		HP:0000820	Abnormality of the thyroid gland	MONDO:0003240	thyroid gland disease					ICD9:246.9	MONDO:equivalentTo	ICD10:E00-E07	N/A	ICD9:240-246.99	N/A	ICD10:E00.E07	MONDO:equivalentTo	N/A	N/A	N/A	N/A	N/A	N/A	N/A	N/A	N/A	N/A	N/A	N/A	N/A	N/A	N/A	N/A	N/A	N/A																																					
	endo_vitaminb_status	Vitamin B deficiency		HP:0004340	Abnormality of vitamin B metabolism	MONDO:0042976	vitamin B deficiency			ICD10:E53.9	MONDO:equivalentTo	N/A	N/A	N/A	N/A	N/A	N/A	N/A	N/A	N/A	N/A	N/A	N/A	N/A	N/A	N/A	N/A	N/A	N/A	N/A	N/A	N/A	N/A	N/A	N/A	N/A	N/A																																					
	endo_vitamind_status	Vitamin D deficiency		HP:0100512	Low levels of vitamin D	MONDO:0100471	vitamin D deficiency					ICD9:269.2	MONDO:equivalentTo	N/A	N/A	N/A	N/A	N/A	N/A	N/A	N/A	N/A	N/A	N/A	N/A	N/A	N/A	N/A	N/A	N/A	N/A	N/A	N/A	N/A	N/A	N/A	N/A	N/A	N/A	N/A	N/A	N/A	N/A	N/A	N/A	N/A	N/A	N/A	N/A	N/A	N/A	N/A	N/A																					
	endo_zinc_status	Zinc deficiency		HP:0031831	Decreased serum zinc	N/A																																																																				
	ent_adenoidectomy_status	Adenoidectomy		N/A		N/A		adenoidectomy	MAXO:0001029																																																																	
Needs annotation?	ent_apnea_tx	Sleep apnea treatment		N/A		N/A		NTR: https://github.com/monarch-initiative/MAxO/issues/593																																																																		
	ent_cpap	CPAP/BiPAP use		N/A		N/A		positive controlled ventilation	MAXO:0000509																																																																	
	ent_csa_status	Central Sleep Apnea		HP:0010536	Central sleep apnea	MONDO:0004731	central sleep apnea syndrome							N/A	N/A	N/A	N/A	N/A	N/A	N/A	N/A	N/A	N/A	N/A	N/A	N/A	N/A	N/A	N/A	N/A	N/A	N/A	N/A	N/A	N/A	N/A	N/A																																					
	ent_etd_status	Eustachian Tube Dysfunction		HP:0040115	Abnormality of the Eustachian tube	MONDO:0004866	eustachian tube disease			ICD10:H68	MONDO:equivalentTo	ICD9:381.8	N/A	ICD9:381.89	N/A	ICD9:381.9	MONDO:equivalentTo																																																									
	ent_hearing	Hearing aid use		N/A		N/A		hearing aid usage	MAXO:0009030																																																																	
	ent_hearing_status	Hearing loss		HP:0000365	Hearing impairment	MONDO:0005365	hearing loss disorder			ICD10:H90	MONDO:equivalentTo			ICD9:389.9	MONDO:equivalentTo	ICD9:389	N/A	N/A	N/A	N/A	N/A	N/A	N/A	N/A	N/A	N/A	N/A	N/A	N/A	N/A	N/A	N/A	N/A	N/A	N/A	N/A	N/A																																					
	ent_laryngo_status	Laryngomalacia		HP:0001601	Laryngomalacia	MONDO:0007878	congenital laryngomalacia			ICD10:Q31.5	MONDO:equivalentTo			N/A	N/A	N/A	N/A	N/A	N/A	N/A	N/A	N/A	N/A	N/A	N/A	N/A	N/A	N/A	N/A	N/A	N/A	N/A	N/A	N/A	N/A	N/A	N/A																																					
	ent_osa_status	Obstructive Sleep Apnea		HP:0002870	Obstructive sleep apnea	MONDO:0007147	obstructive sleep apnea syndrome			ICD9:327.23	MONDO:equivalentTo			ICD10:G47.33	MONDO:equivalentTo	ICD10:G47.30	N/A			N/A	N/A	N/A	N/A	N/A	N/A	N/A	N/A	N/A	N/A	N/A	N/A	N/A	N/A	N/A	N/A	N/A	N/A																																					
changed to _status field but left annotations from _specify	ent_other_status	[ent_other_specify]		N/A		MONDO:0024623	otorhinolaryngologic disease					N/A	N/A	N/A	N/A	N/A	N/A	N/A	N/A	N/A	N/A	N/A	N/A	N/A	N/A	N/A	N/A	N/A	N/A	N/A	N/A	N/A	N/A	N/A	N/A	N/A	N/A																																					
	ent_rhinitis_status	Chronic rhinitis		HP:0002257	Chronic rhinitis	MONDO:0004514	chronic rhinitis			ICD9:472.0	MONDO:equivalentTo	ICD10:J31.0	MONDO:equivalentTo	N/A	N/A	N/A	N/A	N/A	N/A	N/A	N/A	N/A	N/A	N/A	N/A	N/A	N/A	N/A	N/A	N/A	N/A	N/A	N/A	N/A	N/A	N/A	N/A																																					
	ent_snores_status	Snores		HP:0025267	Snoring	N/A																																																																				
	ent_tonsillectomy_status	Tonsillectomy		N/A		N/A		tonsillectomy	MAXO:0001081																																																																	
	ent_tubes_status	PE Tubes/myringotomy/tympanostomy		N/A		N/A		myringotomy and insertion of tympanic ventilation tube	MAXO:0009044																																																																	
	eye_amblyopia	Amblyopia		HP:0000646	Amblyopia	MONDO:0001020	amblyopia (disease)			ICD10:H53.00	N/A	ICD9:368.00	MONDO:equivalentTo	N/A	N/A	N/A	N/A	N/A	N/A	N/A	N/A	N/A	N/A	N/A	N/A	N/A	N/A	N/A	N/A	N/A	N/A	N/A	N/A	N/A	N/A	N/A	N/A																																					
	eye_astigmatism	Astigmatism		HP:0000483	Astigmatism	MONDO:0011284	astigmatism (disease)			ICD10:H52.20	N/A	ICD9:367.2	N/A	ICD10:H52.2	N/A	ICD9:367.20	MONDO:equivalentTo	N/A	N/A	N/A	N/A	N/A	N/A	N/A	N/A	N/A	N/A	N/A	N/A	N/A	N/A	N/A	N/A	N/A	N/A	N/A	N/A																																					
	eye_blind	Blindness		HP:0000618	Blindness	MONDO:0001941	blindness (disorder)			ICD10:H54	MONDO:equivalentTo	ICD9:369	N/A	N/A	N/A	N/A	N/A	N/A	N/A	N/A	N/A	N/A	N/A	N/A	N/A	N/A	N/A	N/A	N/A	N/A	N/A	N/A	N/A	N/A	N/A	N/A	N/A																																					
	eye_blocked_nld	Blocked nasolacrimal duct		HP:0000579	Nasolacrimal duct obstruction	N/A																																																																				
	eye_cataracts	Cataracts		HP:0000518	Cataract	MONDO:0005129	cataract (disease)					ICD10:H26	N/A	ICD9:366	N/A			ICD9:366.9	MONDO:equivalentTo	N/A	N/A	N/A	N/A	N/A	N/A	N/A	N/A	N/A	N/A	N/A	N/A	N/A	N/A	N/A	N/A	N/A	N/A																																					
Needs annotation?	eye_depth_perception	Depth perception issues		N/A		N/A		NTR: https://github.com/monarch-initiative/MAxO/issues/601																																																																		
	eye_glasses	Wears glasses		N/A		N/A		glasses usage	MAXO:0025004																																																																	
	eye_glaucoma	Glaucoma		HP:0000501	Glaucoma	MONDO:0005041	glaucoma (disease)			ICD9:365.9	MONDO:equivalentTo	ICD10:H40.9	N/A	ICD9:365	N/A	ICD10:H40	N/A	ICD10:H40.H42	MONDO:equivalentTo	ICD10:H40-H42	N/A			N/A	N/A	N/A	N/A	N/A	N/A	N/A	N/A	N/A	N/A	N/A	N/A	N/A	N/A																																					
	eye_hyperopia	Hyperopia		HP:0000540	Hypermetropia	MONDO:0004891	hyperopia			ICD9:367.0	MONDO:equivalentTo	ICD10:H52.0	MONDO:equivalentTo	N/A	N/A	N/A	N/A	N/A	N/A	N/A	N/A	N/A	N/A	N/A	N/A	N/A	N/A	N/A	N/A	N/A	N/A	N/A	N/A	N/A	N/A	N/A	N/A																																					
	eye_keratoconus	Keratoconus		HP:0000563	Keratoconus	MONDO:0015486	keratoconus (disease)			ICD10:H18.6	N/A	ICD9:371.60	MONDO:equivalentTo	ICD10:H18.60	N/A	ICD9:371.6	N/A	N/A	N/A	N/A	N/A	N/A	N/A	N/A	N/A	N/A	N/A	N/A	N/A	N/A	N/A	N/A	N/A	N/A	N/A	N/A	N/A																																					
	eye_myopia	Myopia		HP:0000545	Myopia	MONDO:0001384	myopia			ICD9:367.1	MONDO:equivalentTo	ICD10:H52.1	MONDO:equivalentTo	N/A	N/A	N/A	N/A	N/A	N/A	N/A	N/A	N/A	N/A	N/A	N/A	N/A	N/A	N/A	N/A	N/A	N/A	N/A	N/A	N/A	N/A	N/A	N/A																																					
	eye_nld_sx	Nasolacrimal duct surgery		N/A		N/A		nasolacrimal duct surgery	MAXO:0025005																																																																	
	eye_nystagmus	Nystagmus		HP:0000639	Nystagmus	MONDO:0004843	pathologic nystagmus			ICD9:379.50	N/A	ICD10:H55.0	N/A	ICD10:H55.00	N/A	N/A	N/A	N/A	N/A	N/A	N/A	N/A	N/A	N/A	N/A	N/A	N/A	N/A	N/A	N/A	N/A	N/A	N/A	N/A	N/A	N/A	N/A																																					
no corresponding _status field - just eye_other	eye_other_specify	Specify other eye condition(s)		HP:0000478	Abnormality of the eye	MONDO:0024458	disease of visual system			N/A	N/A	N/A	N/A	N/A	N/A	N/A	N/A	N/A	N/A	N/A	N/A	N/A	N/A	N/A	N/A	N/A	N/A	N/A	N/A	N/A	N/A	N/A	N/A	N/A	N/A	N/A	N/A																																					
	eye_ptosis	Ptosis		HP:0000508	Ptosis	MONDO:0000728	ptosis			ICD10:H02.4	N/A	ICD9:374.3	N/A	ICD9:374.30	MONDO:equivalentTo	ICD10:H02.409	N/A	ICD10:H02.40	N/A	N/A	N/A	N/A	N/A	N/A	N/A	N/A	N/A	N/A	N/A	N/A	N/A	N/A	N/A	N/A	N/A	N/A	N/A																																					
	eye_retina	Retinal detachment		HP:0000541	Retinal detachment	MONDO:0008375	retinal detachment					ICD10:H33.2	N/A	ICD9:362.40	MONDO:equivalentTo	ICD9:361.9	MONDO:equivalentTo	N/A	N/A	N/A	N/A	N/A	N/A	N/A	N/A	N/A	N/A	N/A	N/A	N/A	N/A	N/A	N/A	N/A	N/A	N/A	N/A																																					
	eye_strabismus	Strabismus		HP:0000486	Strabismus	MONDO:0003432	strabismus			ICD10:H50.8	N/A	ICD10:H50.89	N/A	ICD9:378.40	MONDO:equivalentTo	ICD9:378.7	N/A	N/A	N/A	N/A	N/A	N/A	N/A	N/A	N/A	N/A	N/A	N/A	N/A	N/A	N/A	N/A	N/A	N/A	N/A	N/A	N/A																																					
	eye_strabismus_sx	Strabismus surgery		N/A		N/A		strabismus surgery	MAXO:0025006																																																																	
	female_bleed_do_status	Menstruation disorder/abnormal bleeding		HP:0000140	Abnormality of the menstrual cycle	N/A																																																																				
Needs annotation?; this condition only has _age field, not _status	female_cyst_age	Ovarian cyst removal		N/A		N/A		NTR: https://github.com/monarch-initiative/MAxO/issues/602 																																																																		
	female_dysmenorrhea_status	Dysmenorrhea		HP:0100607	Dysmenorrhea	N/A																																																																				
this condition only has _age field, not _status	female_hysterectomy_age	Hysterectomy		N/A		N/A		hysterectomy	MAXO:0001058																																																																	
Needs annotation?	female_menarche	Age at menarche (first period)		N/A		N/A		NTR: https://github.com/monarch-initiative/MAxO/issues/603 																																																																		
Needs annotation?	female_menopause	Age at menopause (completion)		N/A		N/A		NTR: https://github.com/monarch-initiative/MAxO/issues/603 																																																																		
this condition only has _age field, not _status	female_ooph_age	Oophorectomy		N/A		N/A		oophorectomy	MAXO:0001067																																																																	
Needs annotation?	female_other_status	[female_other_specify]		N/A		N/A				ICD10:E11																																																																
	female_pcos_status	Polycystic ovary syndrome (PCOS)		HP:0000147	Polycystic ovaries	MONDO:0008487	polycystic ovary syndrome			ICD10:E28.2	N/A	ICD9:256.4	MONDO:equivalentTo	N/A	N/A	N/A	N/A	N/A	N/A	N/A	N/A	N/A	N/A	N/A	N/A	N/A	N/A	N/A	N/A	N/A	N/A	N/A	N/A	N/A	N/A	N/A	N/A																																					
PL added annotation for general female-specific urogenital conditions. Also there is no corresponding _status field	female_repro_any	<div class="rich-text-field-label"><p style="text-align: left;">Past or present female specific urogenital conditions?</p></div>				MONDO:0002263	female reproductive system disorder																																																																			
Needs annotation?; this condition only has _age field, not _status	female_tubal_age	Tubal Ligation		N/A		N/A		NTR: https://github.com/monarch-initiative/MAxO/issues/605 																																																																		
Needs annotation?	genetic_family	Is family history available?		N/A		N/A		NTR: https://github.com/monarch-initiative/MAxO/issues/604																																																																		
Needs annotation? No corresponding _status field	genetic_multiple_specify	Specify		N/A		N/A																																																																				
Needs annotation? no corresponding _status field	genetic_other_specify	Please specify other genetic condition		N/A		MONDO:0003847	Mendelian disease					N/A	N/A	N/A	N/A	N/A	N/A	N/A	N/A	N/A	N/A	N/A	N/A	N/A	N/A	N/A	N/A	N/A	N/A	N/A	N/A	N/A	N/A	N/A	N/A	N/A	N/A																																					
Needs annotation?	genetic_sibs	Do any siblings have Down syndrome?		N/A		N/A																																																																				
	gi_anal_stenosis_status	Anal stenosis or atresia		HP:0002023 HP:0002025	Anal atresia Anal stenosis	N/A																																																																				
Needs annotation?	gi_anal_stenosis_sx	Anal stenosis/atresia repair?		N/A		N/A		add to MAxO? https://github.com/monarch-initiative/MAxO/issues/333																																																																		
	gi_celiac_status	Celiac disease		HP:0002608	Celiac disease	MONDO:0005130	celiac disease			ICD10:K90.0	MONDO:equivalentTo	ICD9:579.0	MONDO:equivalentTo	N/A	N/A	N/A	N/A	N/A	N/A	N/A	N/A	N/A	N/A	N/A	N/A	N/A	N/A	N/A	N/A	N/A	N/A	N/A	N/A	N/A	N/A	N/A	N/A																																					
	gi_chronic_constipation_status	Chronic constipation		HP:0012450	Chronic constipation	N/A																																																																				
	gi_chronic_diarrhea_status	Chronic diarrhea		HP:0002028	Chronic diarrhea	MONDO:0044751	chronic diarrheal disease					N/A	N/A	N/A	N/A	N/A	N/A	N/A	N/A	N/A	N/A	N/A	N/A	N/A	N/A	N/A	N/A	N/A	N/A	N/A	N/A	N/A	N/A	N/A	N/A	N/A	N/A																																					
	gi_diverticulitis_status	Diverticulitis		N/A		MONDO:0004235	diverticulitis			ICD10:K57	MONDO:equivalentTo	N/A	N/A	N/A	N/A	N/A	N/A	N/A	N/A	N/A	N/A	N/A	N/A	N/A	N/A	N/A	N/A	N/A	N/A	N/A	N/A	N/A	N/A	N/A	N/A	N/A	N/A																																					
	gi_duodenal_status	Duodenal stenosis or web		HP:0002246	Abnormal duodenum morphology	N/A																																																																				
Needs annotation?	gi_duodenal_sx	Duodenal atresia, stenosis or web repair?		N/A		N/A		add to MAxO? https://github.com/monarch-initiative/MAxO/issues/333																																																																		
	gi_dysphagia_status	Dysphagia		HP:0002015	Dysphagia	N/A																																																																				
	gi_esophageal_atresia_status	Esophageal atresia		HP:0002032	Esophageal atresia	MONDO:0001044	esophageal atresia			ICD10:Q39.0	N/A			N/A	N/A	N/A	N/A	N/A	N/A	N/A	N/A	N/A	N/A	N/A	N/A	N/A	N/A	N/A	N/A	N/A	N/A	N/A	N/A	N/A	N/A	N/A	N/A																																					
Needs annotation?	gi_fundoplication_sx	Fundoplication surgery?		N/A		N/A		add to MAxO? https://github.com/monarch-initiative/MAxO/issues/327																																																																		
	gi_gallstones_status	Gallstones		HP:0001081	Cholelithiasis	MONDO:0005346	gallstones					N/A	N/A	N/A	N/A	N/A	N/A	N/A	N/A	N/A	N/A	N/A	N/A	N/A	N/A	N/A	N/A	N/A	N/A	N/A	N/A	N/A	N/A	N/A	N/A	N/A	N/A																																					
	gi_gerd_status	Gastroesophageal reflux		HP:0002020	Gastroesophageal reflux	MONDO:0007186	gastroesophageal reflux disease			ICD10:K21.9	N/A	ICD9:530.81	MONDO:equivalentTo	ICD10:K21	N/A	N/A	N/A	N/A	N/A	N/A	N/A	N/A	N/A	N/A	N/A	N/A	N/A	N/A	N/A	N/A	N/A	N/A	N/A	N/A	N/A	N/A	N/A																																					
Needs annotation?	gi_gf_diet_status	Gluten free diet		N/A		N/A																																																																				
Needs annotation?	gi_gtube_sx	G-tube / Feeding tube placement?		N/A		N/A		enteral nutrition intake? but also https://github.com/monarch-initiative/MAxO/issues/328	MAXO:0000090?																																																																	
	gi_hemorrhoids_status	HP_0032551		HP:0032551	Hemorrhoids	MONDO:0004872	hemorrhoid			ICD9:455	N/A			ICD10:K64	N/A	N/A	N/A	N/A	N/A	N/A	N/A	N/A	N/A	N/A	N/A	N/A	N/A	N/A	N/A	N/A	N/A	N/A	N/A	N/A	N/A	N/A	N/A																																					
	gi_hirschsprung_status	Hirschsprung disease		N/A		MONDO:0018309	Hirschsprung disease			ICD10:Q43.1	N/A	N/A	N/A	N/A	N/A	N/A	N/A	N/A	N/A	N/A	N/A	N/A	N/A	N/A	N/A	N/A	N/A	N/A	N/A	N/A	N/A	N/A	N/A	N/A	N/A	N/A	N/A																																					
Needs annotation?	gi_hirschsprung_sx	Hirschsprung disease surgery?		N/A		N/A		MAXO:0000977	pull-through procedure																																																																	
	gi_ibd_status	Inflammatory bowel disease		N/A		MONDO:0005265	inflammatory bowel disease					N/A	N/A	N/A	N/A	N/A	N/A	N/A	N/A	N/A	N/A	N/A	N/A	N/A	N/A	N/A	N/A	N/A	N/A	N/A	N/A	N/A	N/A	N/A	N/A	N/A	N/A																																					
	gi_ibs_status	Irritable bowel syndrome		N/A		MONDO:0005052	irritable bowel syndrome			ICD9:564.1	MONDO:equivalentTo	ICD10:K58	MONDO:equivalentTo	ICD10:K58.9	N/A	N/A	N/A	N/A	N/A	N/A	N/A	N/A	N/A	N/A	N/A	N/A	N/A	N/A	N/A	N/A	N/A	N/A	N/A	N/A	N/A	N/A	N/A																																					
changed to _status field but left annotations from _specify	gi_other_gi_status	[gi_other_specify]		HP:0025031	Abnormality of the digestive system	MONDO:0004335	digestive system disease			ICD10:K92.9	N/A	ICD9:520-579.99	N/A			N/A	N/A	N/A	N/A	N/A	N/A	N/A	N/A	N/A	N/A	N/A	N/A	N/A	N/A	N/A	N/A	N/A	N/A	N/A	N/A	N/A	N/A																																					
	gi_peptic_ulcers_status	Peptic ulcers		HP:0004398	Peptic ulcer	MONDO:0004247	peptic ulcer disease			ICD9:533	N/A	ICD10:K27	N/A	N/A	N/A	N/A	N/A	N/A	N/A	N/A	N/A	N/A	N/A	N/A	N/A	N/A	N/A	N/A	N/A	N/A	N/A	N/A	N/A	N/A	N/A	N/A	N/A																																					
	gi_pyloric_stenosis_status	Pyloric stenosis		HP:0002021	Pyloric stenosis	MONDO:0001561	pyloric stenosis			ICD10:K31.1	N/A	N/A	N/A	N/A	N/A	N/A	N/A	N/A	N/A	N/A	N/A	N/A	N/A	N/A	N/A	N/A	N/A	N/A	N/A	N/A	N/A	N/A	N/A	N/A	N/A	N/A	N/A																																					
	gi_tracheoesophageal_fistula_status	Tracheoesophageal fistula		HP:0002575	Tracheoesophageal fistula	N/A																																																																				
	heme_amkl_status	AMKL or AML-M7		HP:0006733	Acute megakaryocytic leukemia	MONDO:0018872	acute megakaryoblastic leukemia			ICD9:207.2	N/A	ICD10:C94.20	N/A	ICD10:C94.2	N/A	ICDO:9910/3	N/A	N/A	N/A	N/A	N/A	N/A	N/A	N/A	N/A	N/A	N/A	N/A	N/A	N/A	N/A	N/A	N/A	N/A	N/A	N/A	N/A																																					
	heme_aml_status	AML		HP:0004808	Acute myeloid leukemia	MONDO:0018874	acute myeloid leukemia			ICD9:205.00	MONDO:equivalentTo	ICD10:C92.00	N/A	ICDO:9861/3	N/A	ICD9:205.0	N/A	ICD10:C92.0	N/A	N/A	N/A	N/A	N/A	N/A	N/A	N/A	N/A	N/A	N/A	N/A	N/A	N/A	N/A	N/A	N/A	N/A	N/A																																					
	heme_b_all_status	B-precursor ALL		HP:0004812	B Acute Lymphoblastic Leukemia	MONDO:0020511	precursor B-cell acute lymphoblastic leukemia			ICD10:C83.5	N/A	ICDO:9836/3	N/A	ICD10:C91.0	N/A	N/A	N/A	N/A	N/A	N/A	N/A	N/A	N/A	N/A	N/A	N/A	N/A	N/A	N/A	N/A	N/A	N/A	N/A	N/A	N/A	N/A	N/A																																					
	heme_cll_status	CLL		HP:0005550	Chronic lymphatic leukemia	MONDO:0001014	chronic leukemia			ICD9:208.10	N/A	N/A	N/A	N/A	N/A	N/A	N/A	N/A	N/A	N/A	N/A	N/A	N/A	N/A	N/A	N/A	N/A	N/A	N/A	N/A	N/A	N/A	N/A	N/A	N/A	N/A	N/A																																					
	heme_cml_status	CML		HP:0005506	Chronic myelogenous leukemia	MONDO:0020077	myelodysplastic/myeloproliferative disease			N/A	N/A	N/A	N/A	N/A	N/A	N/A	N/A	N/A	N/A	N/A	N/A	N/A	N/A	N/A	N/A	N/A	N/A	N/A	N/A	N/A	N/A	N/A	N/A	N/A	N/A	N/A	N/A																																					
	heme_leuk_rxn_status	Leukemoid reaction		N/A		MONDO:0006829	leukemoid reaction			ICD10:D72.823	MONDO:equivalentTo			ICD9:288.62	MONDO:equivalentTo	N/A	N/A	N/A	N/A	N/A	N/A	N/A	N/A	N/A	N/A	N/A	N/A	N/A	N/A	N/A	N/A	N/A	N/A	N/A	N/A	N/A	N/A																																					
PL changed Nicole's annotations to specify blood cancers (not just blood diseases)	heme_other_cancer_status	[heme_other_specify]		HP:0004377	Hematological neoplasm	MONDO:0044881	hematopoietic and lymphoid cell neoplasm			ICD10:D75.9	N/A	ICD9:280-289.99	N/A																																																													
	heme_t_all_status	T-cell ALL		HP:0006727	T-cell acute lymphoblastic leukemia	MONDO:0004963	T-cell acute lymphoblastic leukemia			ICDO:9837/3	N/A	N/A	N/A	N/A	N/A	N/A	N/A	N/A	N/A	N/A	N/A	N/A	N/A	N/A	N/A	N/A	N/A	N/A	N/A	N/A	N/A	N/A	N/A	N/A	N/A	N/A	N/A																																					
	heme_tmd_status	TMD		HP:0005534	Transient myeloproliferative syndrome	MONDO:0008040	transient myeloproliferative syndrome			ICD10:D47.7	N/A	ICDO:9898/1	N/A	N/A	N/A	N/A	N/A	N/A	N/A	N/A	N/A	N/A	N/A	N/A	N/A	N/A	N/A	N/A	N/A	N/A	N/A	N/A	N/A	N/A	N/A	N/A	N/A																																					
	infection_c_diff_status	C. difficile		HP:0032168	Clostridium difficile colitis	MONDO:0000705	Clostridium difficile colitis			ICD10:A04.7	N/A	N/A	N/A	N/A	N/A	N/A	N/A	N/A	N/A	N/A	N/A	N/A	N/A	N/A	N/A	N/A	N/A	N/A	N/A	N/A	N/A	N/A	N/A	N/A	N/A	N/A	N/A																																					
	infection_cellulitis_status	Cellulitis		HP:0100658	Cellulitis	MONDO:0005230	cellulitis							ICD10:L03.90	N/A	N/A	N/A	N/A	N/A	N/A	N/A	N/A	N/A	N/A	N/A	N/A	N/A	N/A	N/A	N/A	N/A	N/A	N/A	N/A	N/A	N/A	N/A																																					
Needs annotation?	infection_croup_status	2+ croup episodes in 12 months		N/A		N/A																																																																				
i don't think gout is an infection - will remove	infection_gout_status	Gout		HP:0001997	Gout	MONDO:0005393	gout			ICD9:274.9	N/A	ICD10:M10.9	N/A	ICD9:274	N/A	ICD9:274.0	MONDO:equivalentTo	ICD9:274.00	MONDO:equivalentTo	ICD10:M10	MONDO:equivalentTo	N/A	N/A	N/A	N/A	N/A	N/A	N/A	N/A	N/A	N/A	N/A	N/A	N/A	N/A	N/A	N/A																																					
	infection_herpes_status	Cold sores		N/A		MONDO:0043653	herpes labialis			N/A	N/A	N/A	N/A	N/A	N/A	N/A	N/A	N/A	N/A	N/A	N/A	N/A	N/A	N/A	N/A	N/A	N/A	N/A	N/A	N/A	N/A	N/A	N/A	N/A	N/A	N/A	N/A																																					
	infection_impetigo_status	Impetigo		N/A		MONDO:0004592	impetigo			ICD9:684	MONDO:equivalentTo	ICD10:L01.00	N/A	ICD10:L01.0	N/A	ICD10:L01	MONDO:equivalentTo	N/A	N/A	N/A	N/A	N/A	N/A	N/A	N/A	N/A	N/A	N/A	N/A	N/A	N/A	N/A	N/A	N/A	N/A	N/A	N/A																																					
	infection_other_status	[infection_other_specify]		N/A		MONDO:0100336	infectious disease or post-infectious disorder																																																																			
	infection_otitis_status	Recurrent otitis media		HP:0000403	Recurrent otitis media	MONDO:0021204	chronic otitis media			ICD9:382.9	MONDO:equivalentTo	ICD10:H66.90	N/A	ICD10:H66.9	N/A	N/A	N/A	N/A	N/A	N/A	N/A	N/A	N/A	N/A	N/A	N/A	N/A	N/A	N/A	N/A	N/A	N/A	N/A	N/A	N/A	N/A	N/A																																					
	infection_periodontitis_status	Periodontitis		HP:0000704	Periodontitis	MONDO:0005076	periodontitis			ICD10:K05.4	MONDO:equivalentTo			ICD9:523.5	N/A	N/A	N/A	N/A	N/A	N/A	N/A	N/A	N/A	N/A	N/A	N/A	N/A	N/A	N/A	N/A	N/A	N/A	N/A	N/A	N/A	N/A	N/A																																					
Needs annotation?	infection_pneumonia_status	2+ pneumonias in 12 months		N/A		N/A																																																																				
	infection_rsv_status	Respiratory Syncytial Virus (RSV)		N/A		MONDO:0001577	respiratory syncytial virus infectious disease					N/A	N/A	N/A	N/A	N/A	N/A	N/A	N/A	N/A	N/A	N/A	N/A	N/A	N/A	N/A	N/A	N/A	N/A	N/A	N/A	N/A	N/A	N/A	N/A	N/A	N/A																																					
	infection_sepsis_status	Sepsis		HP:0100806	Sepsis	N/A																																																																				
	infection_sinus_status	Recurrent sinusitis		HP:0011108	Recurrent sinusitis	MONDO:0006031	chronic rhinosinusitis			ICD10:J01	N/A	ICD10:J01.9	N/A	ICD9:461	N/A	ICD10:J01.90	N/A	ICD9:461.9	N/A	N/A	N/A	N/A	N/A	N/A	N/A	N/A	N/A	N/A	N/A	N/A	N/A	N/A	N/A	N/A	N/A	N/A	N/A																																					
	infection_staph_status	Staph		N/A		MONDO:0024313	staphylococcal infection					N/A	N/A	N/A	N/A	N/A	N/A	N/A	N/A	N/A	N/A	N/A	N/A	N/A	N/A	N/A	N/A	N/A	N/A	N/A	N/A	N/A	N/A	N/A	N/A	N/A	N/A																																					
Needs annotation?	infection_strep_status	Group A streptococcus (GAS)		N/A		N/A		MAXO:0010310 and NTR: https://github.com/monarch-initiative/MAxO/issues/607	throat swab collection																																																																	
	infection_tb_status	Tuberculosis or latent TB		HP:0032262	Pulmonary tuberculosis	MONDO:0018076	tuberculosis											ICD10:A15.A19	MONDO:equivalentTo	N/A	N/A	N/A	N/A	N/A	N/A	N/A	N/A	N/A	N/A	N/A	N/A	N/A	N/A	N/A	N/A	N/A	N/A																																					
	infection_uti_status	Chronic UTI		N/A	N/A	MONDO:0100338	urinary tract infection			ICD10:N39.0	MONDO:equivalentTo	N/A	N/A	N/A	N/A	N/A	N/A	N/A	N/A	N/A	N/A	N/A	N/A	N/A	N/A	N/A	N/A	N/A	N/A	N/A	N/A	N/A	N/A	N/A	N/A	N/A	N/A																																					
	infection_zoster_status	Shingles		N/A		MONDO:0005609	herpes zoster			ICD9:053	N/A	ICD10:B02.9	N/A	ICD10:B02	MONDO:equivalentTo	N/A	N/A	N/A	N/A	N/A	N/A	N/A	N/A	N/A	N/A	N/A	N/A	N/A	N/A	N/A	N/A	N/A	N/A	N/A	N/A	N/A	N/A																																					
	lymph_anemia_status	Anemia		HP:0001903	Anemia	MONDO:0002280	anemia (disease)			ICD9:285.9	MONDO:equivalentTo			ICD10:D64.9	N/A	N/A	N/A	N/A	N/A	N/A	N/A	N/A	N/A	N/A	N/A	N/A	N/A	N/A	N/A	N/A	N/A	N/A	N/A	N/A	N/A	N/A	N/A																																					
Needs annotation?	lymph_anticoag_status	Anticoagulant use		N/A		N/A		anticoagulant agent therapy	MAXO:0000178																																																																	
	lymph_clots_status	Blood clots/DVT		HP:0004936, HP:0002625	Venous thrombosis , Deep venous thrombosis	MONDO:0000831	thrombotic disease					N/A	N/A	N/A	N/A	N/A	N/A	N/A	N/A	N/A	N/A	N/A	N/A	N/A	N/A	N/A	N/A	N/A	N/A	N/A	N/A	N/A	N/A	N/A	N/A	N/A	N/A	N/A	N/A	N/A	N/A	N/A	N/A	N/A	N/A	N/A	N/A	N/A	N/A	N/A	N/A	N/A	N/A																					
changed to _status field but left annotations from _specify	lymph_other_status	[lymph_other_specify]		HP:0100763	Abnormality of the lymphatic system	MONDO:0005833	lymphatic system disease			N/A	N/A	N/A	N/A	N/A	N/A	N/A	N/A	N/A	N/A	N/A	N/A	N/A	N/A	N/A	N/A	N/A	N/A	N/A	N/A	N/A	N/A	N/A	N/A	N/A	N/A	N/A	N/A																																					
	male_cancer_status	Testicular cancer		N/A		MONDO:0005447	testicular cancer			ICD10:C62.90	N/A	ICD9:186	N/A			ICD10:C62	N/A	ICD10:C62.9	N/A	N/A	N/A	N/A	N/A	N/A	N/A	N/A	N/A	N/A	N/A	N/A	N/A	N/A	N/A	N/A	N/A	N/A	N/A																																					
	male_hypospadias_status	Hypospadias		HP:0000047	Hypospadias	MONDO:0005345	hypospadias			ICD9:752.61	N/A	ICD10:Q54.8	N/A	ICD10:Q54.9	N/A	ICD10:Q54.4	N/A	ICD10:Q54.2	N/A	ICD10:Q54.3	N/A	ICD10:Q54.0	N/A	N/A	N/A	N/A	N/A	N/A	N/A	N/A	N/A	N/A	N/A	N/A	N/A	N/A	N/A																																					
	male_phimosis_status	Phimosis		HP:0001741	Phimosis	MONDO:0006904	phimosis			ICD10:N47.1	MONDO:equivalentTo	N/A	N/A	N/A	N/A	N/A	N/A	N/A	N/A	N/A	N/A	N/A	N/A	N/A	N/A	N/A	N/A	N/A	N/A	N/A	N/A	N/A	N/A	N/A	N/A	N/A	N/A																																					
PL added annotation for general male-specific conditions. No corresponding _status field	male_repro_conditions	<div class="rich-text-field-label"><p><span style="color: #3366ff;">Male Specific Conditions</span><br />Current or Previous</p></div>		N/A		male reproductive system disorder	MONDO:0003150																																																																			
	male_testicles_status	Undescended testicles		HP:0000028	Cryptorchidism	MONDO:0009047	cryptorchidism			ICD9:752.51	MONDO:equivalentTo	ICD10:Q53.9	N/A			N/A	N/A	N/A	N/A	N/A	N/A	N/A	N/A	N/A	N/A	N/A	N/A	N/A	N/A	N/A	N/A	N/A	N/A	N/A	N/A	N/A	N/A																																					
	neuro_alz_status	Alzheimer's disease		HP:0002511	Alzheimer disease	MONDO:0004975	Alzheimer disease			ICD10:G30.9	N/A	ICD9:331.0	N/A	ICD9:290.1	N/A	ICD10:G30	MONDO:equivalentTo	N/A	N/A	N/A	N/A	N/A	N/A	N/A	N/A	N/A	N/A	N/A	N/A	N/A	N/A	N/A	N/A	N/A	N/A	N/A	N/A																																					
	neuro_dementia_status	Dementia/Memory Loss		HP:0000726	Dementia	MONDO:0001627	dementia			ICD9:290.8	N/A	ICD9:294.1	MONDO:equivalentTo			N/A	N/A	N/A	N/A	N/A	N/A	N/A	N/A	N/A	N/A	N/A	N/A	N/A	N/A	N/A	N/A	N/A	N/A	N/A	N/A	N/A	N/A																																					
	neuro_epilepsy_status	Epilepsy		N/A	N/A	MONDO:0005027	epilepsy			ICD9:345.91	N/A			ICD10:G40	MONDO:equivalentTo	ICD9:345.90	MONDO:equivalentTo	ICD9:345	N/A	ICD10:G40.909	N/A	ICD9:345.8	N/A	ICD9:345.9	N/A	ICD10:G40.9	N/A	N/A	N/A	N/A	N/A	N/A	N/A	N/A	N/A	N/A	N/A																																					
	neuro_febrile_sz_status	Febrile seizures		HP:0032894	Seizure precipitated by febrile infection	N/A																																																																				
this condition only has _age field, not _status	neuro_infantile_age	Infantile spasms		HP:0012469	Infantile spasms	N/A																																																																				
	neuro_malform_status	Brain malformation		HP:0012443	Abnormality of brain morphology	N/A																																																																				
	neuro_movement_do_status	Movement Disorder (including tremor)		HP:0100022	Abnormality of movement	MONDO:0005395	movement disorder							N/A	N/A	N/A	N/A	N/A	N/A	N/A	N/A	N/A	N/A	N/A	N/A	N/A	N/A	N/A	N/A	N/A	N/A	N/A	N/A	N/A	N/A	N/A	N/A																																					
	neuro_moya_status	Moyamoya		HP:0011834	Moyamoya phenomenon	MONDO:0016820	Moyamoya disease					ICD10:I67.5	N/A	N/A	N/A	N/A	N/A	N/A	N/A	N/A	N/A	N/A	N/A	N/A	N/A	N/A	N/A	N/A	N/A	N/A	N/A	N/A	N/A	N/A	N/A	N/A	N/A																																					
changed to _status field but left annotations from _specify	neuro_other_status	[neuro_other_specify]		HP:0000707	Abnormality of the nervous system	MONDO:0005071	nervous system disorder			ICD10:G00.G99	MONDO:equivalentTo			ICD10:G00-G99	N/A	ICD9:349.9	MONDO:equivalentTo	ICD10:G98.8	N/A	ICD10:G98	N/A	N/A	N/A	N/A	N/A	N/A	N/A	N/A	N/A	N/A	N/A	N/A	N/A	N/A	N/A	N/A	N/A																																					
	neuro_other_sz_status	Other seizures		HP:0001250	Seizure	N/A																																																																				
	neuro_palsy_status	Cerebral palsy		HP:0100021	Cerebral palsy	MONDO:0006497	cerebral palsy			ICD10:G80	MONDO:equivalentTo	ICD9:343.9	MONDO:equivalentTo			ICD10:G80.9	N/A	N/A	N/A	N/A	N/A	N/A	N/A	N/A	N/A	N/A	N/A	N/A	N/A	N/A	N/A	N/A	N/A	N/A	N/A	N/A	N/A																																					
	neuro_parkinson_status	Parkinson's disease/Parkinsonism		HP:0001300	Parkinsonism	MONDO:0005180	Parkinson disease			ICD9:332.0	MONDO:equivalentTo	ICD10:G20	N/A	ICD9:332	N/A	N/A	N/A	N/A	N/A	N/A	N/A	N/A	N/A	N/A	N/A	N/A	N/A	N/A	N/A	N/A	N/A	N/A	N/A	N/A	N/A	N/A	N/A																																					
	neuro_stroke_status	Stroke		HP:0001297	Stroke	MONDO:0005098	stroke disorder					N/A	N/A	N/A	N/A	N/A	N/A	N/A	N/A	N/A	N/A	N/A	N/A	N/A	N/A	N/A	N/A	N/A	N/A	N/A	N/A	N/A	N/A	N/A	N/A	N/A	N/A																																					
	neuro_tbi_status	Traumatic Brain Injury (TBI)		N/A		MONDO:0043510	brain injury			N/A	N/A	N/A	N/A	N/A	N/A	N/A	N/A	N/A	N/A	N/A	N/A	N/A	N/A	N/A	N/A	N/A	N/A	N/A	N/A	N/A	N/A	N/A	N/A	N/A	N/A	N/A	N/A																																					
	psych_add_adhd_status	ADD or ADHD		HP:0007018	Attention deficit hyperactivity disorder	MONDO:0007743	attention deficit-hyperactivity disorder			ICD10:F90	MONDO:equivalentTo	N/A	N/A	N/A	N/A	N/A	N/A	N/A	N/A	N/A	N/A	N/A	N/A	N/A	N/A	N/A	N/A	N/A	N/A	N/A	N/A	N/A	N/A	N/A	N/A	N/A	N/A																																					
	psych_anxiety_status	Anxiety		HP:0000739	Anxiety	MONDO:0005618	anxiety disorder			ICD9:300.09	N/A	ICD10:F41.9	N/A	N/A	N/A	N/A	N/A	N/A	N/A	N/A	N/A	N/A	N/A	N/A	N/A	N/A	N/A	N/A	N/A	N/A	N/A	N/A	N/A	N/A	N/A	N/A	N/A																																					
	psych_autism_status	Autism		HP:0000717	Autism	MONDO:0005260	autism			ICD9:299.0	N/A	ICD10:F84.0	N/A	N/A	N/A	N/A	N/A	N/A	N/A	N/A	N/A	N/A	N/A	N/A	N/A	N/A	N/A	N/A	N/A	N/A	N/A	N/A	N/A	N/A	N/A	N/A	N/A																																					
	psych_bipolar_status	Bipolar		HP:0007302	Bipolar affective disorder	MONDO:0004985	bipolar disorder					ICD9:296.80	MONDO:equivalentTo	ICD10:F31.9	N/A	ICD9:296.60	N/A	ICD10:F31	MONDO:equivalentTo	ICD9:296.40	N/A	N/A	N/A	N/A	N/A	N/A	N/A	N/A	N/A	N/A	N/A	N/A	N/A	N/A	N/A	N/A	N/A																																					
	psych_depression_status	Depression		HP:0000716	Depression	MONDO:0002050	depressive disorder			ICD10:F32.9	N/A	ICD10:F32	MONDO:equivalentTo	ICD10:F33.9	N/A			N/A	N/A	N/A	N/A	N/A	N/A	N/A	N/A	N/A	N/A	N/A	N/A	N/A	N/A	N/A	N/A	N/A	N/A	N/A	N/A																																					
	psych_disorder_status	Conduct or disruptive behavior disorder		N/A		MONDO:0005352	conduct disorder																																																																			
	psych_ocd_status	Obsessive Compulsive Disorder		HP:0000722	Obsessive-compulsive behavior	MONDO:0008114	obsessive-compulsive disorder			ICD9:300.3	MONDO:equivalentTo	ICD10:F42	MONDO:equivalentTo	N/A	N/A	N/A	N/A	N/A	N/A	N/A	N/A	N/A	N/A	N/A	N/A	N/A	N/A	N/A	N/A	N/A	N/A	N/A	N/A	N/A	N/A	N/A	N/A																																					
	psych_odd_status	Oppositional Defiant disorder		HP:0010865	Oppositional defiant disorder	MONDO:0000495	oppositional defiant disorder			ICD9:313.81	MONDO:equivalentTo	N/A	N/A	N/A	N/A	N/A	N/A	N/A	N/A	N/A	N/A	N/A	N/A	N/A	N/A	N/A	N/A	N/A	N/A	N/A	N/A	N/A	N/A	N/A	N/A	N/A	N/A																																					
changed to _status field but left annotations from _specify	psych_other_status	[psych_other_specify]		HP:0000708	Behavioral abnormality	MONDO:0002025	psychiatric disorder			ICD10:F99-F99	N/A	ICD10:F99	N/A	N/A	N/A	N/A	N/A	N/A	N/A	N/A	N/A	N/A	N/A	N/A	N/A	N/A	N/A	N/A	N/A	N/A	N/A	N/A	N/A	N/A	N/A	N/A	N/A																																					
	psych_panic_status	Panic attacks		HP:0025269	Panic attack	MONDO:0005383	panic disorder			ICD9:300.01	MONDO:equivalentTo	N/A	N/A	N/A	N/A	N/A	N/A	N/A	N/A	N/A	N/A	N/A	N/A	N/A	N/A	N/A	N/A	N/A	N/A	N/A	N/A	N/A	N/A	N/A	N/A	N/A	N/A																																					
	psych_ptsd_status	Post Traumatic Stress Disorder (PTSD)		HP:0033676	Posttraumatic stress symptom	MONDO:0005146	post-traumatic stress disorder			ICD9:309.81	MONDO:equivalentTo	ICD10:F43.1	N/A	ICD10:F43.10	N/A	N/A	N/A	N/A	N/A	N/A	N/A	N/A	N/A	N/A	N/A	N/A	N/A	N/A	N/A	N/A	N/A	N/A	N/A	N/A	N/A	N/A	N/A																																					
	psych_regression_status	Regression (loss of previous skills)		HP:0002376	Developmental regression	N/A																																																																				
	psych_schizophrenia_status	Schizophrenia		HP:0100753	Schizophrenia	MONDO:0005090	schizophrenia			ICD9:295.85	N/A	ICD9:295.90	MONDO:equivalentTo			ICD9:295	N/A	ICD9:295.9	N/A	ICD9:295.8	N/A	N/A	N/A	N/A	N/A	N/A	N/A	N/A	N/A	N/A	N/A	N/A	N/A	N/A	N/A	N/A	N/A																																					
	pulm_asthma_status	Asthma		HP:0002099	Asthma	MONDO:0004979	asthma			ICD10:J45	MONDO:equivalentTo	ICD9:493	N/A	ICD10:J45.909	N/A	ICD10:J45.90	N/A	ICD9:493.9	N/A	ICD9:493.81	MONDO:equivalentTo	N/A	N/A	N/A	N/A	N/A	N/A	N/A	N/A	N/A	N/A	N/A	N/A	N/A	N/A	N/A	N/A																																					
changed to _status field but left annotations from _specify	pulm_other_specify_status	[pulm_other_specify]		HP:0002086	Abnormality of the respiratory system	MONDO:0005087	respiratory system disease			ICD10:J96-J99	N/A	ICD10:J98	N/A	ICD9:460-519.99	N/A	ICD9:500-508.99	N/A	ICD9:503	N/A	ICD9:508	N/A	ICD9:508.1	N/A	ICD9:508.8	N/A	ICD9:508.9 	N/A	ICD9:510-519.99	N/A	ICD9:516	N/A	ICD9:516.8	N/A	ICD9:516.9	N/A	ICD9:517	N/A	ICD9:517.8 	N/A	ICD9:519	N/A	ICD9:519.1	N/A	ICD9:519.3	N/A	ICD9:519.8	N/A	ICD9:519.9	MONDO:equivalentTo	ICD9:V12.60	N/A	ICD9:V47.2	N/A																					
	pulm_pulm_hypertension_status	Pulmonary Hypertension		HP:0030875	Abnormality of pulmonary circulation	MONDO:0005149	pulmonary hypertension			ICD10:I27.2	N/A	N/A	N/A	N/A	N/A	N/A	N/A	N/A	N/A	N/A	N/A	N/A	N/A	N/A	N/A	N/A	N/A	N/A	N/A	N/A	N/A	N/A	N/A	N/A	N/A	N/A	N/A																																					
	pulm_rad_status	Reactive Airway Disease		HP:0002099	Asthma	MONDO:0100470	reactive airway disease			ICD10:J45	MONDO:equivalentTo	ICD9:493	N/A	ICD10:J45.909	N/A	ICD10:J45.90	N/A	ICD9:493.9	N/A	ICD9:493.81	MONDO:equivalentTo	N/A	N/A	N/A	N/A	N/A	N/A	N/A	N/A	N/A	N/A	N/A	N/A	N/A	N/A	N/A	N/A																																					
	skel_aai_age	Atlanto-axial instability (neck spine is weak or unstable)		HP:0003467	Atlantoaxial instability	N/A																																																																				
	skel_aai_status	Atlanto-axial instability		HP:0003467	Atlantoaxial instability	N/A																																																																				
	skel_arthritis_status	Arthritis / Arthropathy		HP:0001369 HP:0003040	Arthritis Arthropathy	MONDO:0006816	arthropathy			ICD10:M00-M02	N/A	ICD9:716.9	N/A							ICD9:719.9	N/A	ICD9:719.80	N/A	ICD9:719.90	N/A	ICD9:711	N/A	ICD10:M15.M19	N/A	N/A	N/A	N/A	N/A	N/A	N/A	N/A	N/A																																					
	skel_cervical_status	Cervical spine degeneration		HP:0008480	Cervical spondylosis	N/A																																																																				
	skel_fx_status	Fractures		HP:0020110	Bone fracture	MONDO:0005315	bone fracture			N/A	N/A	N/A	N/A	N/A	N/A	N/A	N/A	N/A	N/A	N/A	N/A	N/A	N/A	N/A	N/A	N/A	N/A	N/A	N/A	N/A	N/A	N/A	N/A	N/A	N/A	N/A	N/A																																					
	skel_hypotonia_status	Hypotonia		HP:0001252	Hypotonia	N/A	N/A																																																																			
	skel_osteoarthritis_status	Osteoarthritis		HP:0002758	Osteoarthritis	MONDO:0005178	osteoarthritis			ICD10:M19	MONDO:equivalentTo	ICD9:715.3	N/A	N/A	N/A	N/A	N/A	N/A	N/A	N/A	N/A	N/A	N/A	N/A	N/A	N/A	N/A	N/A	N/A	N/A	N/A	N/A	N/A	N/A	N/A	N/A	N/A																																					
	skel_osteopenia_status	Osteopenia		HP:0000938	Osteopenia	N/A																																																																				
	skel_osteoporosis_status	Osteoporosis		HP:0000939	Osteoporosis	MONDO:0005298	osteoporosis			ICD9:733.0	N/A			ICD10:M81	MONDO:equivalentTo	ICD10:M81.0	N/A	N/A	N/A	N/A	N/A	N/A	N/A	N/A	N/A	N/A	N/A	N/A	N/A	N/A	N/A	N/A	N/A	N/A	N/A	N/A	N/A																																					
changed to _status field but left annotations from _specify	skel_other_status	[skeletal_other_specify]		HP:0033127	Abnormality of the musculoskeletal system	MONDO:0002081	musculoskeletal system disease					N/A	N/A	N/A	N/A	N/A	N/A	N/A	N/A	N/A	N/A	N/A	N/A	N/A	N/A	N/A	N/A	N/A	N/A	N/A	N/A	N/A	N/A	N/A	N/A	N/A	N/A																																					
	skel_scoliosis_status	Scoliosis or other spine curvature		HP:0010674	Abnormality of the curvature of the vertebral column	MONDO:0005392	scoliosis			ICD10:M41.9	N/A			ICD10:M41	MONDO:equivalentTo	N/A	N/A	N/A	N/A	N/A	N/A	N/A	N/A	N/A	N/A	N/A	N/A	N/A	N/A	N/A	N/A	N/A	N/A	N/A	N/A	N/A	N/A																																					
	skin_acne_age	Acne		HP:0001061	Acne	MONDO:0011438	acne			ICD10:L70	N/A	ICD9:706.0	N/A	ICD10:L70.2	N/A	ICD10:L70.9	N/A	N/A	N/A	N/A	N/A	N/A	N/A	N/A	N/A	N/A	N/A	N/A	N/A	N/A	N/A	N/A	N/A	N/A	N/A	N/A	N/A																																					
	skin_acne_status	Acne		HP:0001061	Acne	MONDO:0011438	acne			ICD10:L70	N/A	ICD9:706.0	N/A	ICD10:L70.2	N/A	ICD10:L70.9	N/A	N/A	N/A	N/A	N/A	N/A	N/A	N/A	N/A	N/A	N/A	N/A	N/A	N/A	N/A	N/A	N/A	N/A	N/A	N/A	N/A																																					
	skin_alopecia_age	Alopecia areata		HP:0002232	Patchy alopecia	MONDO:0005340	alopecia areata			ICD9:704.01	MONDO:equivalentTo	ICD10:L63	MONDO:equivalentTo	ICD10:L63.9	N/A	N/A	N/A	N/A	N/A	N/A	N/A	N/A	N/A	N/A	N/A	N/A	N/A	N/A	N/A	N/A	N/A	N/A	N/A	N/A	N/A	N/A	N/A																																					
	skin_alopecia_status	Alopecia areata		HP:0002232	Patchy alopecia	MONDO:0005340	alopecia areata			ICD9:704.01	MONDO:equivalentTo	ICD10:L63	MONDO:equivalentTo	ICD10:L63.9	N/A	N/A	N/A	N/A	N/A	N/A	N/A	N/A	N/A	N/A	N/A	N/A	N/A	N/A	N/A	N/A	N/A	N/A	N/A	N/A	N/A	N/A	N/A																																					
	skin_athlete_status	Athlete's Foot		N/A		MONDO:0005984	tinea pedis			ICD10:B35.3	MONDO:equivalentTo	ICD9:110.4	MONDO:equivalentTo																																																													
	skin_atopic_status	Atopic dermatitis/eczema		HP:0001047	Atopic dermatitis	MONDO:0004980	atopic eczema			ICD10:L20.81	N/A	ICD9:691	N/A	ICD9:691.8	N/A	ICD10:L20.9	N/A	ICD10:L20	N/A	N/A	N/A	N/A	N/A	N/A	N/A	N/A	N/A	N/A	N/A	N/A	N/A	N/A	N/A	N/A	N/A	N/A	N/A																																					
	skin_boils_status	Boils		HP:0020083	Furuncle	N/A																																																																				
	skin_cellulitis_status	Cellulitis		HP:0100658	Cellulitis	MONDO:0005230	cellulitis							ICD10:L03.90	N/A	N/A	N/A	N/A	N/A	N/A	N/A	N/A	N/A	N/A	N/A	N/A	N/A	N/A	N/A	N/A	N/A	N/A	N/A	N/A	N/A	N/A	N/A																																					
	skin_folliculitis_status	Folliculitis		HP:0025084	Folliculitis	MONDO:0006552	folliculitis			ICD9:704.8	N/A	N/A	N/A	N/A	N/A	N/A	N/A	N/A	N/A	N/A	N/A	N/A	N/A	N/A	N/A	N/A	N/A	N/A	N/A	N/A	N/A	N/A	N/A	N/A	N/A	N/A	N/A																																					
	skin_hidradenitis_status	Hidradenitis suppurativa		HP:0040154	Acne inversa	MONDO:0006559	hidradenitis suppurativa			ICD10:L73.2	MONDO:equivalentTo	N/A	N/A	N/A	N/A	N/A	N/A	N/A	N/A	N/A	N/A	N/A	N/A	N/A	N/A	N/A	N/A	N/A	N/A	N/A	N/A	N/A	N/A	N/A	N/A	N/A	N/A																																					
changed to _status field but left annotations from _specify	skin_other_status	[skin_other_specify]		HP:0000951	Abnormality of the skin	MONDO:0005093	skin disease			ICD9:702	N/A					N/A	N/A	N/A	N/A	N/A	N/A	N/A	N/A	N/A	N/A	N/A	N/A	N/A	N/A	N/A	N/A	N/A	N/A	N/A	N/A	N/A	N/A																																					
	skin_psoriasis_status	Psoriasis		HP:0003765	Psoriasiform dermatitis	MONDO:0005083	psoriasis					ICD10:L40.9	N/A	ICD9:696.5	N/A			ICD10:L40	MONDO:equivalentTo	ICD9:696	N/A	N/A	N/A	N/A	N/A	N/A	N/A	N/A	N/A	N/A	N/A	N/A	N/A	N/A	N/A	N/A	N/A																																					
	skin_rosacea_status	Rosacea		HP:0001041	Facial erythema	MONDO:0006604	rosacea			ICD10:L71	MONDO:equivalentTo	ICD10:L71.9	N/A	ICD9:695.3	MONDO:equivalentTo	N/A	N/A	N/A	N/A	N/A	N/A	N/A	N/A	N/A	N/A	N/A	N/A	N/A	N/A	N/A	N/A	N/A	N/A	N/A	N/A	N/A	N/A																																					
	skin_seborrheic_status	SeborrheicDermatitis		HP:0001051	Seborrheic dermatitis	MONDO:0006608	seborrheic dermatitis (disease)			ICD9:706.3	N/A	ICD9:690.10	N/A	ICD10:L21.9	N/A	ICD9:690.1	N/A	ICD10:L21	N/A	N/A	N/A	N/A	N/A	N/A	N/A	N/A	N/A	N/A	N/A	N/A	N/A	N/A	N/A	N/A	N/A	N/A	N/A																																					
Needs annotation?	skin_tinea_status	Tinea capitis		N/A		MONDO:0002967	dermatophytosis of scalp or beard																																																																			
Needs annotation?	skin_toenail_status	Toenail Fungus		N/A		MONDO:0100504	fungal infection of the toenail																																																																			
	skin_vitiligo_status	Vitiligo		HP:0001045	Vitiligo	MONDO:0008661	vitiligo																																																																			
	skin_xerosis_status	Xerosis		HP:0000958	Dry skin	N/A																																																																				
	urogen_agenesis_status	Renal agenesis		HP:0000104	Renal agenesis	MONDO:0018470	renal agenesis			ICD10:Q60.2	N/A	ICD10:Q60.0	N/A	N/A	N/A	N/A	N/A	N/A	N/A	N/A	N/A	N/A	N/A	N/A	N/A	N/A	N/A	N/A	N/A	N/A	N/A	N/A	N/A	N/A	N/A	N/A	N/A																																					
	urogen_dysuria_status	Dysuria (discomfort peeing)		HP:0100518	Dysuria	N/A																																																																				
	urogen_hydroneph_status	Hydronephrosis		HP:0000126	Hydronephrosis	MONDO:0005510	hydronephrosis			ICD10:N13.30	N/A	ICD9:591	MONDO:equivalentTo	N/A	N/A	N/A	N/A	N/A	N/A	N/A	N/A	N/A	N/A	N/A	N/A	N/A	N/A	N/A	N/A	N/A	N/A	N/A	N/A	N/A	N/A	N/A	N/A																																					
	urogen_hydroureter_status	Hydroureter		HP:0000072	Hydroureter	N/A																																																																				
	urogen_kidney_dz_status	Kidney Disease		N/A		MONDO:0005240	kidney disease					ICD10:N28.9	N/A	ICD10:N08	N/A	N/A	N/A	N/A	N/A	N/A	N/A	N/A	N/A	N/A	N/A	N/A	N/A	N/A	N/A	N/A	N/A	N/A	N/A	N/A	N/A	N/A	N/A																																					
	urogen_kidney_status	Cystic dysplastic kidney		HP:0000800	Cystic renal dysplasia	MONDO:0015988	multicystic dysplastic kidney					ICD10:Q61.4	N/A	N/A	N/A	N/A	N/A	N/A	N/A	N/A	N/A	N/A	N/A	N/A	N/A	N/A	N/A	N/A	N/A	N/A	N/A	N/A	N/A	N/A	N/A	N/A	N/A																																					
changed to _status field but left annotations from _specify	urogen_other_status	[urogen_other_specify]		HP:0000119	Abnormality of the genitourinary system	MONDO:0021145	disease of genitourinary system			ICD10:N00.N99	MONDO:equivalentTo	N/A	N/A	N/A	N/A	N/A	N/A	N/A	N/A	N/A	N/A	N/A	N/A	N/A	N/A	N/A	N/A	N/A	N/A	N/A	N/A	N/A	N/A	N/A	N/A	N/A	N/A																																					
	urogen_reflux_status	Vesicoureteral reflux		HP:0000076	Vesicoureteral reflux	MONDO:0006007	vesicoureteral reflux			ICD10:N13.70	N/A	ICD9:593.7	N/A	ICD10:N13.7	N/A	N/A	N/A	N/A	N/A	N/A	N/A	N/A	N/A	N/A	N/A	N/A	N/A	N/A	N/A	N/A	N/A	N/A	N/A	N/A	N/A	N/A	N/A																																					
	urogen_valves_status	Posterior or anterior urethral valves		HP:0010481	Urethral valve	N/A																																																																				
	urogen_void_status	Voiding Dysfunction		HP:0011037	Decreased urine output	N/A																																																																				
	social_employ_mom	Mother's employment status?																																																				1, Employed full time outside the home (32 or more hours per week) | 2, Employed part time outside the home (less than 32 hours per week) | 3, Unemployed and currently looking for work | 4, Unemployed and not currently looking for work | 5, Student | 6, Retired | 7, Homemaker | 8, Self-employed | 9, Unable to work | 88, Unsure																				
	social_employ_dad	Father's employment status?																																																				1, Employed full time outside the home (32 or more hours per week) | 2, Employed part time outside the home (less than 32 hours per week) | 3, Unemployed and currently looking for work | 4, Unemployed and not currently looking for work | 5, Student | 6, Retired | 7, Homemaker | 8, Self-employed | 9, Unable to work | 88, Unsure																				
	social_num_siblings	Number of siblings? 																																																				0, 0 | 1, 1 | 2, 2 | 3, 3 | 4, 4 | 5, 5 | 6, 6 | 7, 7 | 8, 8 | 9, 9 | 10, 10 or more | 88, Unsure																				
	social_insurance	Insurance coverage																																																				0, No insurance | 1, Medicare | 2, Medicaid | 3, Private insurance | 4, Waivers or Supplements | 99, Other	Please check all that apply																			
is this the same as cardiac_other_status?	cardiac_conditions	<div class="rich-text-field-label"><p><span style="color: #3366ff;">Cardiac Conditions</span><br />Current or Previous</p></div>																																																				4, Cardiomyopathy (disease of the heart muscle, often associated with heart enlargement) | 1, Congenital heart defect (ASD, VSD, AV Canal, Tetralogy of Fallot, PDA, PFO) | 8, Congestive heart failure (heart muscle doesn't pump blood as well as it should) | 5, Elevated cholesterol levels | 2, Heart arrhythmias/dysrhythmia (irregular heart beat) | 7, Heart attack (myocardial infarction or MI) | 3, Hypertension (high blood pressure) | 10, Hypotension (low blood pressure) | 6, Peripheral artery disease (claudication) | 9, Syncope (Fainting or dizzy spells) | 99, Other heart condition						[cardiac_any]='1'														
PL added annotations. this is different from the heme_ fields, which are all about blood cancers	blood_conditions	<div class="rich-text-field-label"><p><span style="color: #3366ff;">Blood Disorders Conditions</span><br />Current or Previous</p></div>		HP:0001871	Abnormality of blood and blood-forming tissues		hematologic disorder	MONDO:0005570																																														1, Anemia|5, Lymphopenia | 6, Neutropenia | 7, Macrocytosis | 8, Polycythemia|2, History of blood clots, embolisms, deep vein thrombosis (DVT)|3, Use of anticoagulant and antiplatelet drugs (including aspirin)|4, Family history of clotting disorder (Factor V Leiden, Hemophilia)|99, Other blood of bloodatic disorders						[blood_any]='1'														
is this the same as neuro_status_other?	neuro_conditions	<div class="rich-text-field-label"><p><span style="color: #3366ff;">Neurologic Conditions</span><br />Current or Previous</p></div>																																																				1, Alzheimer's disease | 8, Brain malformation | 13, Catatonia | 6, Cerebral palsy | 2, Dementia/Memory loss | 12, Down syndrome regression disorder | 11, Microcephaly | 9, Movement disorder (including tremor) | 10, Moyamoya syndrome | 3, Parkinson's disease / Parkinsonism | 5, Seizures | 7, Stroke | 4, Traumatic brain injury (TBI) | 99, Other neurologic condition						[neuro_any]='1'														
is this liver or GI? needs annotations	liver_conditions	<div class="rich-text-field-label"><p><span style="color: #3366ff;">GI Conditions</span><br />Current or Previous</p></div>																																																				2, Biliary atresia | 1, Cholestasis | 6, Congenital hepatic vascular malformations | 4, Metabolic dysfunction associated steatotic liver disease (MASLD, f.k.a. Non-alcoholic fatty liver disease (NAFLD)) | 3, Steatotic liver disease | 5, Viral hepatitis | 99, Other						[gi_any] = '1'														